date,0,1,2,3,4,5,6,7,8,9,10,11,12,13,14,15,16,17,18,19,20,21,22,23,24,25,26,27,28,29,30,31,32,33,34,OT
2025-10-30 01:00:00,23844.54,0.0,0.0,5745.0806,6115.6885,26359.123,56792.734,36995.227,1980.1829,0.7783203,20157.928,20447.371,42649.227,16099.383,13763.473,8717.773,468.4583,7151.7954,589.6816,732.8241,765.9708,772.3991,851.10034,4814.6304,18076.2,1474.2473,4842.9883,17885.408,42938.797,1873.5524,6451.008,10513.215,27629.879,3994.127,3998.12,373.27518
2025-10-30 02:00:00,24218.713,0.0,0.0,5640.367,6047.6494,26241.236,56800.65,36196.562,1912.9901,53.481445,20081.82,19877.79,42526.414,16631.424,12838.734,9266.281,459.8578,7050.9917,555.33057,707.85205,728.3819,743.3397,820.47485,4869.1216,18043.91,1420.1664,4798.8975,17939.512,42692.0,1906.4515,6447.375,10677.885,27280.77,4018.4707,4011.5864,379.004
2025-10-30 03:00:00,24824.896,0.0,0.0,5442.2305,5845.286,26130.94,57012.234,35025.977,1912.666,-72.646484,19851.117,18679.275,42421.66,17119.664,12101.5625,9627.054,467.01358,6980.7266,572.3882,723.87384,734.7539,736.76013,812.1862,4933.138,17988.668,1328.7771,4887.473,17977.67,42442.254,1895.0459,6439.3257,10477.228,27059.305,4024.06,4009.3481,387.78287
2025-10-30 04:00:00,25307.904,166.59521,24.828003,5194.3037,5601.778,26086.738,57056.35,35020.656,2019.3105,170.27002,19503.703,17893.637,42352.164,17354.004,11855.768,9660.28,450.6372,6987.2085,583.5049,736.1669,751.0659,754.1947,840.63306,4884.4473,18036.652,1225.084,4958.6807,18084.193,42308.43,1882.5376,6443.668,10243.0205,27327.79,4005.082,4009.9346,415.83163
2025-10-30 05:00:00,25631.404,76.78174,0.0,4924.831,5305.5605,26208.066,57522.32,35262.133,1957.62,74.51514,19047.855,16662.098,42381.035,18109.2,11273.723,9999.471,440.18765,7053.4365,557.47314,708.4556,752.4457,727.6223,809.57477,4779.1763,18085.438,1089.388,5092.2827,18023.227,42385.44,1879.5352,6493.4717,9951.634,27722.625,4014.5996,4008.9536,457.24243
2025-10-30 06:00:00,25575.078,0.0,5.873291,4714.187,5050.205,26259.803,57646.47,35772.297,1924.4885,351.87793,18561.686,15697.555,42752.586,18796.623,10898.619,10034.853,472.30255,7116.764,543.5661,698.86725,760.3552,725.1991,801.1958,4816.873,17991.098,1039.0757,5479.1733,17642.809,42811.656,1898.5023,6501.626,9874.389,28353.703,4005.9575,4005.0654,493.85748
2025-10-30 07:00:00,25199.484,332.7788,160.89996,4500.4062,4833.1953,26136.357,57780.703,35604.477,1930.7489,1313.7065,17941.1,15463.65,43211.36,19569.27,10423.798,10219.092,528.99896,7190.6396,534.3229,692.05634,780.94116,727.4279,791.9577,4842.741,17869.027,1006.1355,5413.295,17717.5,43544.344,1918.2795,6557.6567,10147.398,28775.58,4000.0967,4004.0632,512.36426
2025-10-30 08:00:00,23597.41,2364.4282,817.0252,4264.3926,4652.991,26162.627,57911.35,34600.094,2114.0981,5113.5166,17320.547,17800.363,43182.246,17791.117,10793.614,9365.721,504.2476,7278.639,475.8408,623.7386,709.4012,651.65466,708.6822,5555.4463,17131.43,919.33484,6341.133,17038.814,43555.83,2228.872,6625.5356,12793.2,26958.168,3996.6292,4005.417,481.22382
2025-10-30 09:00:00,21109.271,5605.9995,1951.7357,3971.669,4483.075,26042.184,57886.562,34897.92,3017.1426,10735.418,16626.672,21492.717,43516.43,13178.938,12304.091,7468.7715,381.4717,7367.006,407.96454,561.7029,638.89557,606.98865,681.10846,7485.0225,15206.704,749.666,8605.914,15072.501,44045.86,3202.9822,6759.9434,17964.225,22620.877,4009.0273,4007.1296,466.84473
2025-10-30 10:00:00,18518.123,8062.16,2985.3936,3738.077,4347.278,25828.6,58340.965,35906.086,3461.5476,14782.107,16121.584,24312.29,43508.47,8422.524,14240.891,5177.4727,286.2729,7454.6943,410.164,561.23413,656.43665,633.79694,718.45264,10085.613,12631.41,612.43567,11522.896,12448.129,44119.855,3517.2598,6914.549,23177.195,17546.691,4019.708,4012.3486,461.76462
2025-10-30 11:00:00,16647.559,9357.152,3729.7124,3679.074,4294.4775,25756.584,58383.25,35705.453,3474.0903,17060.592,15771.842,26505.742,43477.438,4266.51,15528.483,3470.6973,250.37585,7576.0493,356.46826,514.8704,620.33673,599.2592,683.2395,11671.877,11132.236,507.74075,13462.785,10736.246,44316.664,3503.6812,7048.356,27026.906,13795.28,4014.6665,4007.0261,446.30267
2025-10-30 12:00:00,15606.225,10140.676,4129.417,3683.1216,4198.14,25791.793,58518.01,35808.15,2973.867,18193.355,15445.174,27706.684,43273.684,1231.6602,16313.674,2618.833,227.63196,7626.1455,308.90887,440.15753,570.93384,546.39514,632.6955,12724.928,10192.3545,437.02658,14444.783,9855.178,44139.58,2937.8296,7111.981,29024.719,11293.16,4009.5042,4004.8242,397.45135
2025-10-30 13:00:00,15354.291,10208.836,4128.24,3714.939,4129.129,25725.129,58442.207,34666.17,2763.525,18169.934,15182.211,27687.445,42794.37,1.9042969,16454.68,2519.1016,195.2619,7622.2773,253.13095,370.62943,515.3043,512.5139,613.18353,13075.071,9799.149,388.81128,14800.6455,9588.548,43578.54,2744.7256,7134.033,29025.664,10641.579,4019.0417,4005.9966,348.1044
2025-10-30 14:00:00,15865.719,9445.359,3768.477,3779.525,4056.3267,25786.838,58362.266,34514.07,2692.247,17399.316,15063.979,26944.832,42687.97,780.4863,16207.919,2819.9795,181.92105,7598.3267,207.0502,319.88528,475.20795,492.893,575.9841,13018.723,9799.817,379.97583,14761.088,9571.11,43439.312,2779.6704,7178.9185,27931.281,11548.354,4016.2104,4008.1704,349.1665
2025-10-30 15:00:00,17629.508,8294.408,3139.9448,3841.8125,3981.2705,25856.043,58525.03,36329.484,2717.8022,15156.62,14964.684,24583.66,42999.285,3964.2324,14837.418,4178.0635,191.71793,7565.337,254.98105,368.9805,511.98944,522.4216,589.6847,11929.67,10786.547,400.4744,13486.811,10534.423,43652.81,2792.9717,7191.612,25361.285,14221.654,3999.8997,3996.5747,383.60205
2025-10-30 16:00:00,20707.145,6646.461,2181.9536,3895.8088,3886.1055,25926.377,58510.04,36098.97,3020.651,11390.492,14726.162,21161.762,43575.207,10340.729,11847.443,7479.621,249.29453,7569.943,447.05322,529.17035,650.1593,654.21326,722.0975,9199.582,13416.103,498.25424,10408.44,13380.103,44095.066,3361.8472,7242.8696,20113.545,20471.814,3988.3875,4006.2395,484.33453
2025-10-30 17:00:00,24460.256,3547.1687,1016.7823,4028.1833,3828.3604,26088.807,58219.234,36669.82,3228.209,5989.1387,14532.834,16602.758,44403.76,17750.32,8585.086,11230.673,480.1106,7602.8584,650.2417,703.9344,788.033,805.458,872.9894,6081.037,16451.945,703.8214,7032.3223,16466.033,44814.695,4036.3354,7298.7505,13829.386,27687.334,3991.5571,4011.7266,618.57806
2025-10-30 18:00:00,27437.828,884.2611,243.62073,4124.831,3732.2495,26308.832,57379.457,38430.43,2753.8218,1797.6663,14167.647,12405.441,45003.58,22903.408,6772.6357,13568.413,734.90515,7545.4023,729.61334,762.59894,819.4489,884.8889,946.9016,4669.5967,18018.045,910.83875,5601.621,17668.9,45363.938,3237.6426,7193.2817,9512.483,32420.867,3996.4814,4017.3413,723.312
2025-10-30 19:00:00,28858.164,145.44019,28.750977,4191.0566,3623.6465,26382.55,56733.17,38694.836,2301.543,715.1885,14115.393,11444.393,45392.164,24277.527,6265.4355,14436.466,831.2389,7438.3,763.324,808.59,857.92346,866.4841,905.2887,4567.981,18301.643,1021.0194,5184.7837,18110.357,45712.71,2900.907,7106.9097,7800.4404,34165.914,3983.4712,4017.0166,785.683
2025-10-30 20:00:00,29014.814,13.005371,6.717285,4343.105,3555.9558,26429.826,56251.207,37666.336,2136.5156,534.70776,13970.099,11344.566,45064.516,24464.39,6111.9844,14929.4795,858.8492,7357.9077,794.4966,850.94476,902.0897,880.7556,918.6505,4519.925,18442.27,1064.4595,5074.3193,18220.926,45371.227,2869.8367,7012.8223,7657.277,33914.14,3986.2314,4007.191,789.27783
2025-10-30 21:00:00,28975.3,0.0,20.627563,4377.1606,3416.0317,26474.145,56298.027,38097.023,1791.0558,239.21777,13814.582,11190.442,44868.89,24266.959,6224.2803,15028.281,831.3535,7248.3525,761.9569,824.80054,870.2721,863.23737,903.3209,4556.3315,18378.732,1035.2571,4981.528,18236.027,45174.766,2360.5393,6953.772,7623.867,33546.094,3981.2827,4008.747,777.6198
2025-10-30 22:00:00,28566.035,42.783203,30.885498,4446.487,3366.3086,26326.81,56438.684,37762.04,1614.7886,329.92676,13545.771,11618.769,44364.75,22910.686,6599.423,14650.117,742.8488,7127.286,731.49414,805.71576,851.9419,850.11475,883.0884,4835.5376,18058.09,958.136,5255.3047,17898.14,44515.21,2142.9126,6908.5444,8187.0884,32361.75,3975.417,3997.8196,744.5354
2025-10-30 23:00:00,27896.502,78.41528,39.022095,4553.7554,3431.2144,26281.285,56697.816,37409.797,1430.0828,249.02588,13344.414,11470.311,43593.57,21848.094,6964.79,14093.473,669.0529,7075.1187,646.5199,717.0054,781.42285,747.44995,778.5786,4903.82,17924.898,886.7163,5245.931,17872.828,43769.293,1677.7972,6854.688,8173.774,31331.645,3974.4546,3995.826,706.0069
2025-10-31 00:00:00,27290.102,11.471924,20.527588,4536.326,3396.879,26359.668,57223.938,36258.18,1457.7981,100.12256,13091.672,11495.705,42658.465,20964.455,7320.085,13782.336,640.6749,6999.103,634.374,695.91876,769.63696,740.37897,776.10394,5221.3994,17585.111,846.0675,5399.2236,17777.764,42820.89,1484.8353,6772.1577,8105.384,30537.773,3962.3188,3986.1082,678.16656
2025-10-31 01:00:00,27215.168,0.0,0.0,4493.298,3387.2004,26189.066,57066.793,35162.5,1771.8625,33.358887,12899.681,11556.279,42266.2,20285.42,7334.3877,13753.071,697.8124,6919.5254,601.24493,688.41345,756.0495,799.6487,857.1477,5332.296,17454.248,845.7029,5311.0,17824.658,42513.188,1887.189,6760.733,8324.473,30334.709,3954.253,3979.265,654.6877
2025-10-31 02:00:00,27202.812,0.0,0.0,4355.707,3347.376,26152.81,57219.625,36887.562,1744.7396,68.668945,12680.405,11236.021,42065.383,20452.424,6967.3994,14174.565,711.3153,6873.6333,558.8468,648.5624,718.6969,765.09045,827.7302,5283.7554,17467.344,787.48206,5346.881,17861.9,42256.906,1903.1439,6722.5005,8322.932,30485.209,3965.3184,3981.9458,657.7036
2025-10-31 03:00:00,27236.98,0.0,0.0,4208.8545,3318.8503,26001.064,57119.156,35090.46,1755.478,-104.22705,12476.182,10747.696,41857.035,20518.178,6896.4834,14265.249,706.2133,6838.123,579.5118,652.0132,724.4361,750.2496,815.1673,5278.5615,17471.607,711.9437,5359.797,17947.496,41913.15,1903.2964,6680.968,8027.6826,30538.73,3959.7578,3979.6865,669.26825
2025-10-31 04:00:00,27410.617,5.224365,0.0,4117.271,3291.6284,25896.645,56987.777,34323.93,1843.041,-9.015137,12290.715,10471.5205,41757.875,20672.123,7067.8525,14191.742,669.60345,6856.0786,605.6976,667.2525,744.17444,763.6475,834.8446,5392.2803,17457.727,654.77466,5342.0293,18049.662,41851.87,1883.7528,6660.3394,7522.836,30999.863,3952.5847,3977.42,688.5725
2025-10-31 05:00:00,27730.238,0.0,0.0,3951.1382,3240.8806,25985.459,57339.766,34414.773,1812.7603,-10.105469,11933.645,10093.098,41772.586,21250.762,7000.8545,14343.027,616.4506,6909.331,618.0065,668.4418,748.95703,739.4181,805.3608,5543.6655,17346.672,596.6759,5663.7427,17745.092,41918.363,1875.661,6695.4287,7467.6655,31109.184,3950.039,3974.7031,715.0259
2025-10-31 06:00:00,27920.389,0.0,0.0,3785.5454,3218.6782,26032.102,57258.973,36520.227,1877.8335,118.27637,11532.668,9972.514,42201.586,21637.713,7051.8237,14215.231,580.5496,6954.523,658.64233,700.19666,763.21265,740.73474,797.77167,5644.27,17239.809,592.4093,6076.796,17306.855,42393.547,1900.1536,6732.27,7390.999,31626.297,3953.6838,3975.23,744.57544
2025-10-31 07:00:00,28153.57,257.71338,113.029785,3571.0093,3175.1182,25967.07,57374.168,35071.78,1867.7888,867.68555,11139.697,10298.29,42723.496,22440.533,6898.191,14211.621,625.4542,7018.3516,677.80774,714.43054,781.35535,744.34143,792.8066,5656.9336,17228.676,613.58435,6202.3623,17082.54,43103.41,1897.7516,6791.9043,7336.556,32298.234,3943.779,3973.5674,737.1238
2025-10-31 08:00:00,26830.34,2142.8247,763.3507,3372.8262,3154.6404,26048.729,57111.016,34684.67,2085.6863,4882.7803,10771.374,13419.33,42737.848,20157.283,7938.3887,12922.814,601.30096,7103.6846,604.83075,640.37366,706.31287,671.0016,708.6222,6687.08,16261.209,555.94995,7493.0513,15838.578,43117.35,2217.5525,6880.792,9985.932,29964.879,3936.2583,3965.9263,708.6464
2025-10-31 09:00:00,25109.562,5209.24,1843.976,3058.8684,3095.9001,25994.37,57467.43,33285.766,2892.608,10734.896,10317.605,17384.36,43103.438,15514.574,9806.025,10911.801,501.6343,7191.9814,525.7515,580.2155,649.04865,630.33563,689.6374,8817.564,14375.525,441.79156,9810.633,13483.773,43599.395,3212.0679,7007.858,14947.29,25623.316,3932.736,3967.7207,684.2373
2025-10-31 10:00:00,23102.816,7590.1895,2797.3525,2822.3733,3086.714,25793.299,58007.03,34959.023,3355.9663,15235.853,10176.249,20865.57,43132.152,10438.536,12366.451,8168.4023,405.54346,7277.037,522.68,576.4722,669.774,662.0485,731.4818,11573.217,11735.67,352.48145,12790.16,10360.324,43706.996,3563.2598,7153.9766,20055.762,20474.451,3934.3625,3957.2192,669.3102
2025-10-31 11:00:00,21548.785,9041.617,3537.9404,2746.1926,3112.4922,25783.803,57988.234,33169.227,3402.19,17692.336,9936.143,23336.586,43076.79,6523.083,14083.876,6336.0996,353.83954,7391.343,489.82526,548.6342,642.994,631.3055,696.81384,13507.777,10138.355,286.23425,14768.223,8534.238,43827.68,3566.5503,7253.5713,23955.562,16536.05,3915.6133,3948.8254,647.37366
2025-10-31 12:00:00,20467.104,9808.225,3941.5654,2777.664,3155.505,25820.676,58281.94,33190.344,2880.8418,18608.797,9799.12,24739.758,42923.477,3698.537,15049.314,5480.1855,314.93768,7468.247,441.8634,487.09558,592.95654,580.2543,640.8497,14503.789,9381.378,245.04785,15442.295,7902.708,43646.867,2989.7725,7310.4004,25831.008,14123.544,3916.6665,3949.2776,603.40424
2025-10-31 13:00:00,20049.668,9921.94,3967.8027,2853.7874,3218.8179,25689.016,57921.996,33599.555,2706.8223,18309.805,9599.471,24608.582,42501.855,2958.545,15296.977,5291.0625,292.73853,7492.2935,383.4966,418.9715,545.0516,545.1622,618.6994,14647.047,9245.8,222.72742,15767.524,7582.586,43179.54,2773.2366,7343.6284,26178.781,13137.149,3917.7476,3951.5952,578.1636
2025-10-31 14:00:00,20267.486,9291.118,3659.1885,2919.9307,3225.9587,25717.682,58302.8,34077.992,2623.232,16878.277,9608.012,24049.602,42362.207,3798.1738,15050.331,5438.921,276.85156,7509.2607,352.31976,382.45218,508.9619,525.11066,588.1143,14338.182,9442.641,210.15018,15842.014,7431.4556,43082.555,2822.1494,7382.058,25675.86,13474.15,3928.3535,3951.7563,569.36786
2025-10-31 15:00:00,21501.709,8054.971,3004.1665,3012.4458,3263.2302,25755.562,58205.152,35166.07,2619.6003,14031.895,9474.009,22150.418,42646.44,6955.9033,13794.311,6405.697,299.9317,7501.009,393.14273,415.18768,538.26434,549.70166,596.2162,13144.35,10446.906,234.30464,14831.409,8220.306,43290.277,2837.5698,7392.6357,23532.074,15849.205,3924.0312,3946.871,606.0527
2025-10-31 16:00:00,23671.355,6346.9736,2074.868,3138.9414,3278.4512,25790.63,58166.004,35595.805,2942.0425,9972.875,9343.887,19180.973,43188.723,13146.03,10877.163,9376.5,373.95093,7505.4404,566.48975,569.17584,683.3257,688.23096,730.9852,10135.517,13223.201,336.2776,11727.012,11400.914,43727.453,3367.9844,7411.6157,18743.414,21891.62,3922.3965,3940.5981,710.17
2025-10-31 17:00:00,26819.57,3380.3452,969.3357,3224.7334,3312.9385,26007.506,57842.066,37041.062,3136.882,4762.7695,9372.094,14935.822,43949.42,20324.35,7816.346,12880.366,606.64935,7532.299,752.39484,735.9286,821.5855,830.0454,872.84406,6837.3184,16389.459,518.4694,8133.133,14998.43,44440.043,4007.2415,7421.7075,12834.284,28735.936,3934.0996,3945.8867,830.2908
2025-10-31 18:00:00,29186.125,909.875,233.85626,3302.3877,3301.311,26239.389,57259.887,38001.203,2758.2043,1056.1521,9190.83,10967.976,44603.203,25585.727,6078.6943,15111.44,857.53,7490.791,820.73596,799.26306,856.2567,907.2593,954.9646,5111.0986,18233.977,709.6166,6373.796,16713.514,44968.402,3227.3523,7290.4,8628.15,33152.02,3929.471,3939.8867,919.1331
2025-10-31 19:00:00,30025.74,227.42896,26.592651,3360.5508,3328.1538,26314.543,56741.977,38923.453,2293.4653,192.14209,9142.324,9982.984,44971.375,27236.848,5607.845,15869.871,957.27655,7416.02,826.90027,820.3165,877.84644,879.6858,907.21875,4884.8057,18400.434,795.47,5869.817,17261.648,45244.02,2896.9292,7185.143,7433.3813,34255.01,3930.608,3947.7378,966.594
2025-10-31 20:00:00,29930.82,118.75122,5.1707764,3465.634,3304.0469,26345.418,56766.25,38775.547,2155.943,6.82959,9005.923,10000.248,44728.08,27317.44,5583.8203,16254.236,983.29144,7352.032,840.00964,850.0066,912.604,897.11597,918.7053,4774.2837,18599.918,842.0656,5629.3247,17504.799,44891.918,2873.2002,7096.9653,7586.1533,33772.117,3910.9995,3944.474,962.19104
2025-10-31 21:00:00,29984.639,31.044678,11.43042,3469.4824,3237.376,26350.08,56910.004,38271.062,1811.5632,-93.41016,9041.186,9892.086,44563.316,27194.973,5630.409,16295.286,979.92017,7256.7896,811.40546,827.56665,874.3811,873.3767,903.09863,4611.6685,18641.945,815.45667,5330.383,17703.492,44738.402,2361.5461,7049.312,7529.511,33455.344,3904.6157,3933.0864,931.9503
2025-10-31 22:00:00,29559.781,13.407227,0.0,3514.9272,3220.3008,26350.256,57224.867,38954.65,1679.3545,-228.26416,8837.051,10147.145,44095.207,26488.336,5842.341,15977.711,880.7774,7127.7017,772.649,803.9727,850.245,860.54663,883.8347,4823.8584,18314.668,745.8821,5497.225,17504.76,44096.16,2146.605,7004.721,7908.5186,32445.207,3910.9229,3938.6475,872.51215
2025-10-31 23:00:00,29096.707,91.61572,17.081177,3515.8362,3244.8582,26284.387,57447.266,36659.227,1462.1821,-181.35107,8729.197,10105.447,43371.203,25985.121,6118.075,15593.782,802.29254,7020.389,691.36646,732.0587,786.53064,762.3065,784.8644,4771.2,18273.75,698.9299,5456.1924,17503.615,43404.176,1671.5623,6955.659,7779.409,31497.508,3899.48,3946.8452,815.74524
2025-11-01 00:00:00,28596.8,53.742188,14.206421,3515.617,3268.2495,26310.627,57562.348,35771.54,1464.0327,-15.818359,8597.844,10093.217,42473.926,25373.832,6587.0635,15291.316,771.8118,6934.287,677.69824,714.86444,777.57104,753.2058,785.10474,5058.0005,17944.725,677.7063,5590.71,17459.152,42474.766,1478.5465,6883.4404,7770.0503,30655.154,3895.1045,3958.8135,773.5929
2025-11-01 01:00:00,28460.447,31.932129,2.281372,3420.066,3258.3474,26123.61,56974.047,35523.445,1798.4851,17.441406,8423.085,10007.539,42073.78,25195.47,6625.18,15330.949,795.17194,6842.7246,668.10297,722.92755,778.3446,814.4038,866.12445,5206.048,17807.223,681.87805,5702.634,17381.375,42168.297,1890.1248,6871.5996,8354.23,30043.672,3897.7173,3967.7112,737.86743
2025-11-01 02:00:00,28499.25,0.0,0.0,3272.6868,3196.7144,26118.225,56986.14,35328.023,1780.1844,-54.128418,8260.222,9745.027,41866.227,25691.707,6331.3735,15692.009,785.9163,6817.527,620.4043,677.7462,740.2587,779.1921,834.2709,5253.7676,17771.834,647.5908,5862.968,17190.314,41913.863,1906.7681,6798.4917,8459.035,29832.145,3894.2192,3965.3513,733.2203
2025-11-01 03:00:00,28542.111,0.0,0.0,3113.3052,3208.6262,26016.797,56844.85,36400.547,1802.4347,-26.952637,8209.763,9106.898,41633.47,26132.225,6405.037,15665.176,739.5552,6800.6772,624.9555,676.4994,746.52264,763.6031,824.38464,5291.4414,17858.684,609.0542,5893.158,17145.232,41625.41,1889.4681,6727.197,8113.8403,29873.035,3890.5552,3961.5757,707.16785
2025-11-01 04:00:00,28489.875,41.17505,0.0,3014.281,3181.676,25975.902,56929.11,35150.164,1836.7184,100.7417,8082.3506,8714.271,41559.94,26393.496,6577.2246,15619.464,682.935,6816.739,649.6199,703.43274,762.35535,776.5283,849.58405,5432.491,17835.645,581.5014,5729.2676,17323.828,41498.37,1882.0339,6687.439,7678.539,30316.744,3882.7341,3957.187,709.88275
2025-11-01 05:00:00,28531.312,19.029297,6.861084,2864.706,3147.31,26014.975,56949.35,35276.242,1831.0532,100.39014,7832.257,8338.348,41581.688,27216.234,6743.7324,15482.352,641.9987,6899.641,667.58655,699.79004,755.37244,745.9732,819.5839,5750.2637,17717.781,548.13336,6066.707,17016.37,41562.008,1887.8694,6697.3223,7577.1147,30376.781,3899.6135,3960.8755,713.6676
2025-11-01 06:00:00,28618.086,0.0,0.0,2710.878,3134.4673,26078.39,56768.637,35373.65,1831.9777,-48.697754,7722.4136,8142.027,41990.957,28016.008,6858.6255,15365.875,633.9428,6936.1543,703.4706,730.89246,766.3775,740.47864,805.7049,5904.915,17563.77,560.7899,6465.543,16490.408,42029.44,1908.3647,6712.556,7591.279,30666.22,3892.7754,3944.106,722.7932
2025-11-01 07:00:00,28794.56,393.07715,138.32526,2558.56,3105.377,25921.984,56524.43,35813.156,1800.1018,643.32886,7564.4717,8372.102,42514.0,29076.568,6850.6006,15415.178,664.83386,7001.7236,725.62836,747.3361,779.2135,743.1653,798.34503,6007.1235,17527.45,581.9338,6534.83,16314.494,42820.113,1911.0686,6757.241,7532.275,31002.629,3898.4827,3948.5498,703.81085
2025-11-01 08:00:00,27847.273,2521.0347,821.405,2440.7048,3139.4111,25979.062,56453.867,35042.32,2052.2585,4049.2466,7381.1377,11496.001,42581.65,27233.855,8047.1533,14058.115,615.415,7086.37,671.5893,677.8693,702.90106,671.57025,717.61176,7102.1045,16479.336,539.7701,7457.939,15417.822,42837.395,2248.3208,6831.545,10028.754,28628.469,3902.5566,3941.2754,647.28217
2025-11-01 09:00:00,26144.791,5964.6797,1968.4923,2201.1733,3127.5645,25974.824,56841.098,33531.47,2971.1204,9363.289,7300.9307,15659.502,42977.426,22522.26,10334.176,11821.496,495.21243,7168.2134,585.5486,608.06573,647.3243,635.1497,700.14185,9675.597,14147.167,426.65936,9871.448,12924.005,43255.234,3254.1172,6966.5996,15395.81,23479.477,3903.9282,3944.1345,597.5819
2025-11-01 10:00:00,24468.076,8734.568,3015.6729,2053.918,3128.3318,25832.521,57535.152,32021.43,3487.6475,13870.306,7213.1934,19072.355,43053.766,17858.025,13132.551,9087.947,397.73596,7260.4683,599.89966,608.6287,670.63086,667.59796,735.9014,13013.306,11008.979,329.01285,12940.115,9640.16,43334.387,3603.8342,7134.3525,20532.49,18105.059,3898.4414,3927.9312,556.0939
2025-11-01 11:00:00,23096.17,10131.955,3756.6465,2048.0557,3205.4783,25774.035,57640.832,34013.78,3421.5955,16435.227,7350.4863,21782.941,43037.426,13822.004,15045.735,7074.409,355.2133,7397.601,577.6067,586.4065,644.02844,630.57275,697.91876,14979.52,9156.291,270.78696,14856.21,7658.5933,43527.47,3588.5,7277.5674,23956.83,14234.408,3899.6636,3919.6807,504.99323
2025-11-01 12:00:00,22009.965,10927.835,4159.937,2097.8865,3236.8064,25829.398,57921.574,32690.43,2969.3054,17350.754,7408.0195,23251.857,42968.016,10883.925,16121.633,6104.3286,317.11847,7470.389,531.09814,521.2542,601.0422,581.7754,647.20056,15896.836,8309.393,216.424,15723.803,6928.52,43403.508,3022.0967,7350.9346,25818.049,11648.825,3899.5776,3913.2256,448.97656
2025-11-01 13:00:00,21262.703,11261.554,4213.924,2231.4812,3292.8245,25671.137,57740.625,33580.83,2858.1982,17172.82,7630.507,23236.91,42554.594,9640.056,16421.582,5880.589,289.26486,7503.334,451.94757,449.3875,545.9251,543.23346,624.2262,16222.521,7982.7344,189.22375,16123.697,6581.41,42887.246,2798.8962,7366.2827,26185.438,10544.896,3904.1782,3907.1567,407.0374
2025-11-01 14:00:00,21201.588,10718.438,3870.2007,2347.7388,3329.5117,25751.93,57957.348,31728.055,2806.963,15856.956,7816.18,22678.023,42509.33,10174.849,16210.045,5947.2354,298.1767,7499.9395,396.0476,403.90735,506.03876,523.63916,589.5736,16026.1875,8152.3257,192.72198,16014.131,6671.453,42855.547,2819.088,7396.961,25440.008,11312.983,3894.2434,3907.1333,386.06522
2025-11-01 15:00:00,22238.54,9452.605,3181.2275,2480.3787,3360.3145,25782.932,57985.336,34172.977,2904.8364,13112.878,7998.6406,20714.07,42736.918,13122.41,14691.001,7136.382,330.58832,7499.2314,443.6265,448.71118,544.0443,548.60693,600.8964,14784.1045,9242.107,233.29736,14744.266,7884.459,43088.227,2831.9219,7389.698,22974.102,14085.3,3886.4502,3890.2637,419.24667
2025-11-01 16:00:00,24366.697,7481.896,2208.6377,2632.1023,3352.424,25908.572,57825.996,33015.562,3381.1997,9238.572,7983.4717,17825.06,43206.574,19350.467,11498.5205,10228.289,387.01312,7492.217,601.8014,601.9076,687.2261,686.9807,735.57007,11646.745,12142.844,334.5631,11626.659,11133.154,43501.785,3357.5469,7397.6216,18014.174,20436.262,3887.225,3885.621,503.87585
2025-11-01 17:00:00,27026.43,3953.5918,1028.5967,2830.3203,3387.9836,26172.158,57759.18,35532.453,3637.5732,4415.813,8110.473,13668.328,43940.93,26246.297,7975.055,13860.281,584.7364,7529.9844,772.74023,757.12683,822.9696,822.8008,877.2151,8011.0557,15544.611,517.41565,8096.532,14784.724,44211.664,3980.768,7397.4272,12172.497,27419.883,3896.54,3883.7473,604.8067
2025-11-01 18:00:00,29092.523,931.0206,182.04651,2971.7942,3387.8127,26443.562,57138.055,36322.406,3070.1675,1055.6611,8025.5576,9807.805,44479.215,30918.676,6007.004,15917.882,799.0876,7480.5713,844.596,823.3993,859.16113,888.1734,955.7652,6124.0093,17408.055,685.79565,6471.1914,16346.119,44753.707,3219.589,7290.0405,8169.349,31857.438,3889.9487,3885.0696,686.5405
2025-11-01 19:00:00,29604.896,80.371826,0.0,3115.6042,3403.031,26501.709,56565.34,37652.5,2454.4336,321.29395,8179.4688,9060.551,44805.54,31799.297,5690.833,16409.498,872.1847,7414.67,859.5429,848.968,880.0166,866.2805,906.853,5829.585,17616.812,772.2339,5995.4946,16912.908,45086.816,2885.5227,7199.471,6909.7456,33159.79,3883.984,3887.6787,727.05383
2025-11-01 20:00:00,29392.844,0.0,0.0,3280.2515,3388.7783,26487.88,56331.805,36678.6,2234.9338,-37.36621,8239.852,8806.805,44413.305,31804.305,5470.741,16800.98,889.51184,7344.2305,869.00134,876.9946,913.34814,878.31586,915.30774,5545.657,17894.13,798.9675,5703.7603,17233.527,44731.96,2841.1272,7118.4805,6983.1514,32807.914,3887.4824,3887.0315,716.2595
2025-11-01 21:00:00,29160.021,0.0,0.0,3371.9497,3336.9573,26536.398,56479.375,36565.492,1812.801,-179.76807,8506.364,8766.329,44238.2,31204.54,5655.371,16550.408,887.22473,7210.207,830.89087,854.85626,873.48425,855.6882,905.1263,5422.99,17822.197,797.9313,5510.541,17346.193,44572.195,2342.696,7061.098,6833.236,32687.836,3883.0264,3883.5579,668.92786
2025-11-01 22:00:00,28808.643,0.0,0.0,3443.2173,3344.8486,26384.744,56438.547,36932.297,1687.4086,-135.28223,8577.019,9061.181,43807.547,30022.451,5869.5615,16163.688,810.201,7104.9976,799.2741,833.92676,849.5219,846.6598,887.2489,5609.5454,17589.477,754.25903,5599.625,17219.367,43980.098,2138.2432,7059.7466,7231.984,31653.434,3885.4316,3882.4172,615.7392
2025-11-01 23:00:00,28288.762,9.251465,0.0,3458.832,3349.551,26377.275,56694.562,36292.562,1550.4613,-26.563965,8539.395,8772.477,43080.344,29114.432,6069.869,15797.79,742.63904,7019.617,721.5735,750.53107,771.7666,741.6145,782.99133,5586.169,17560.256,717.36804,5579.586,17181.873,43214.37,1658.3645,7032.2524,7259.7344,30618.768,3890.1465,3886.375,549.39294
2025-11-02 00:00:00,27832.53,0.0,0.0,3463.908,3327.7146,26393.746,56823.53,34545.78,1561.2086,-10.171387,8408.232,8644.459,42303.754,28529.105,6361.942,15591.494,737.068,6913.3276,719.9832,736.7997,764.02045,733.1565,780.5442,5803.1943,17309.852,690.46313,5628.967,17108.049,42292.902,1477.604,6991.029,7216.455,29821.484,3890.4946,3880.54,514.46155
2025-11-02 01:00:00,27863.945,0.0,0.0,3421.7969,3250.2686,26273.617,56667.844,34001.594,1878.7828,-71.44238,8308.642,8422.084,41980.777,28124.508,6311.753,15512.661,761.0166,6832.487,722.798,744.133,766.22546,786.9713,863.95056,5885.909,17187.004,691.13,5879.524,16809.154,41972.977,1886.9471,6989.734,7455.9277,29432.607,3895.0754,3884.0715,470.1114
2025-11-02 02:00:00,27877.383,0.0,0.0,3362.9722,3233.815,26153.87,56330.65,33646.812,1868.93,-45.07715,8225.704,8391.295,41862.035,28078.744,6110.9707,15762.676,767.6667,6803.602,672.2741,689.1873,725.225,752.7734,832.5945,5962.753,17102.814,677.33234,6048.705,16599.406,41758.08,1899.867,6974.518,7434.6846,29260.861,3891.1484,3878.9993,476.6914
2025-11-02 03:00:00,27912.941,6.3237305,0.0,3289.5476,3226.4849,26095.61,56308.137,35341.47,1875.4493,34.83496,8110.4014,7974.448,41700.195,28110.488,6105.0957,15812.193,733.86285,6776.085,679.41113,692.1785,732.9942,739.81976,829.87085,6049.8545,17134.475,653.6854,6089.9077,16536.518,41446.26,1884.4219,6910.0947,7259.942,29257.0,3901.876,3891.761,469.38562
2025-11-02 04:00:00,27885.287,84.10425,0.0,3257.9922,3217.6357,26087.227,56362.375,33890.85,1886.7578,94.768555,8113.149,7944.0845,41559.24,27851.824,6516.6284,15502.176,704.4025,6816.326,703.20795,720.7657,757.8401,751.75195,852.4763,6244.427,17043.682,636.9342,6118.4385,16578.746,41360.465,1888.6589,6877.404,6843.578,29821.803,3899.4968,3893.9565,483.2616
2025-11-02 05:00:00,27759.582,132.03857,24.559814,3168.0466,3202.6636,26139.498,56119.75,34161.75,1818.7023,157.66748,7962.7305,7870.3994,41582.535,28329.115,6907.173,15114.166,667.78186,6891.3354,722.6809,723.02075,764.86456,725.7115,825.83813,6644.809,16828.213,612.45374,6494.9106,16220.253,41482.836,1868.3076,6870.44,6670.3813,30134.42,3897.6182,3904.8008,502.77924
2025-11-02 06:00:00,27789.816,43.80005,17.243896,3021.0115,3204.646,26227.453,55782.54,35942.766,1825.4286,106.6084,7818.8174,7996.2466,41917.305,28754.32,7339.327,14648.801,658.7178,6984.698,761.0761,757.88696,778.655,718.64685,808.56793,7028.301,16502.814,634.2092,6893.9736,15755.527,41966.617,1897.3287,6866.5996,6806.1543,30537.637,3892.2646,3895.3772,518.2527
2025-11-02 07:00:00,28044.762,378.88403,174.0116,2872.8037,3152.2976,26162.387,55435.22,34954.133,1949.254,623.2766,7536.174,8419.934,42372.56,29382.174,7480.435,14454.822,689.9181,7061.814,779.7766,772.2692,797.0014,725.99866,804.2731,7288.965,16324.478,659.2811,7057.5513,15346.259,42748.332,1904.9258,6888.7393,7027.442,30857.643,3896.3618,3900.881,516.1432
2025-11-02 08:00:00,27027.701,2422.2043,907.36285,2749.4912,3159.8052,26137.574,55580.31,32944.562,2193.7441,3300.546,7458.596,11567.8125,42471.258,26995.744,8792.019,12987.789,656.6543,7166.466,722.9639,711.4369,720.3805,662.72375,722.08453,8476.262,15238.509,620.2311,7900.6807,14438.487,42751.37,2239.8252,6936.733,9550.455,28636.994,3882.978,3885.5635,472.31357
2025-11-02 09:00:00,25648.97,6079.1836,2208.434,2504.4194,3153.7014,26050.682,56021.047,32941.617,3089.4534,7698.945,7217.0664,16102.192,42937.98,22055.797,11737.52,10138.404,529.7868,7265.502,655.45,648.71027,653.8241,614.3686,699.0239,11084.46,12794.396,485.5893,10015.711,12138.766,43228.883,3242.7632,7055.5605,14474.692,24322.277,3881.9956,3884.4392,416.30054
2025-11-02 10:00:00,24339.543,8799.879,3349.287,2292.248,3119.892,25920.617,56648.598,33601.156,3498.4458,11340.805,7178.116,19965.875,42993.156,16880.3,15055.207,6966.3325,432.77786,7347.215,676.7482,655.8193,677.0644,638.334,737.21155,14269.716,9582.738,383.68875,12606.857,9429.381,43291.695,3577.1372,7209.5825,19247.486,19475.232,3881.0835,3878.7651,391.2706
2025-11-02 11:00:00,22929.82,10361.299,4178.4634,2233.2961,3177.27,25845.465,56738.44,34219.523,3417.8066,13630.426,7161.724,23418.043,42899.64,12267.128,17415.213,4550.1426,371.88715,7477.1104,652.6808,633.77466,648.48334,605.4215,698.6495,16392.512,7589.7305,322.67737,14322.782,7826.147,43417.02,3571.7866,7346.468,23027.027,15546.316,3880.1904,3883.959,361.55334
2025-11-02 12:00:00,22017.21,11169.774,4560.319,2275.8457,3203.205,25845.094,56437.508,31331.664,2903.1895,14465.793,7200.242,25070.125,42793.055,9299.036,18310.264,3714.4658,336.61536,7561.74,593.20996,569.39264,603.00446,568.81177,649.1422,17323.594,6845.22,282.35675,14862.456,7395.048,43282.445,3032.2886,7435.4517,24798.127,13019.04,3873.7964,3875.3945,329.0228
2025-11-02 13:00:00,21434.705,11247.8545,4552.0205,2340.2463,3229.3862,25793.12,56244.168,31833.04,2711.2114,14164.453,7239.037,25448.307,42403.18,8031.201,18529.658,3527.543,300.07922,7597.2944,506.3655,488.2546,546.5078,531.5251,626.9648,17764.895,6286.746,265.4856,15239.173,7000.2334,42770.023,2820.9045,7466.8467,25364.043,11866.138,3868.582,3866.683,278.11133
2025-11-02 14:00:00,21608.44,10398.066,4131.2583,2433.6782,3231.362,25822.754,56229.996,32111.914,2698.8022,13211.259,7348.3486,25172.113,42357.242,8579.573,18243.21,3729.1777,293.27283,7625.382,461.62686,449.29102,511.46283,519.12787,596.4809,17629.379,6382.1675,267.76788,15196.578,7008.8716,42750.332,2832.5813,7506.2476,24534.5,12841.214,3866.3262,3858.7725,261.46832
2025-11-02 15:00:00,22802.576,8956.133,3357.3726,2486.809,3206.7642,25792.494,56206.133,32395.062,2892.4058,11264.84,7314.1562,23642.031,42487.125,11534.434,16910.227,4817.746,343.46423,7619.6733,509.41672,495.12177,545.9867,541.9236,605.90796,16753.074,7261.068,319.86725,14070.409,8036.7676,42964.13,2844.1565,7509.905,22175.895,15718.197,3858.6753,3857.4973,288.5663
2025-11-02 16:00:00,24730.262,6902.011,2260.995,2647.3887,3249.5815,25961.207,55733.91,34111.28,3541.9429,8261.093,7288.4976,20592.094,42921.125,17745.623,13516.046,8291.954,440.45483,7630.8545,644.2371,638.9327,684.9845,672.4044,742.31274,13729.168,10234.086,427.90848,11140.584,11071.273,43401.875,3372.6753,7506.9263,17357.3,22017.008,3863.808,3852.663,379.1934
2025-11-02 17:00:00,27329.727,3338.3735,991.6796,2756.7026,3268.4976,26148.066,54736.332,34284.227,3781.1108,3911.3403,7261.167,15847.557,43718.344,24847.36,9689.448,12212.098,655.58655,7645.864,805.39594,796.0282,829.8589,818.2554,885.6564,9832.088,13978.572,632.8888,7903.1333,14339.094,44185.52,3984.0112,7496.8857,11626.366,28918.229,3879.7148,3860.078,501.06464
2025-11-02 18:00:00,29388.73,626.08984,153.41656,2852.136,3275.87,26343.047,53284.965,34964.64,3155.9224,888.9995,7170.9517,11408.626,44277.68,29611.273,7194.964,14825.683,896.891,7596.5757,866.27264,850.2704,861.22986,882.5223,966.7624,7408.1304,16283.717,850.80835,6156.908,16116.162,44862.652,3208.0483,7361.0786,7477.6475,33516.82,3866.4229,3850.7236,607.0175
2025-11-02 19:00:00,29919.883,12.619141,0.0,2952.0298,3265.069,26488.266,52327.406,36192.156,2562.6128,332.88623,7150.0156,10320.878,44569.242,30990.809,6466.1377,15763.115,970.02814,7532.101,894.5892,878.59406,880.87006,852.6981,917.559,6897.8604,16756.44,966.0603,5753.467,16737.984,45161.3,2879.3748,7249.2007,6392.42,34818.36,3858.4683,3858.4905,660.88934
2025-11-02 20:00:00,29784.51,0.0,0.0,3045.058,3266.027,26468.78,51643.19,36168.04,2468.4856,186.86377,7084.296,10417.388,44252.746,30611.537,6355.515,16039.784,992.49084,7464.2827,909.23303,906.83496,920.8803,877.3217,933.9268,6631.1123,17128.645,1005.1262,5569.0503,17024.45,44825.35,2838.2756,7165.8022,6679.033,34307.816,3857.7104,3856.4124,652.8188
2025-11-02 21:00:00,29617.918,10.345947,0.0,3085.167,3200.4136,26502.143,51672.492,34633.047,2023.7079,50.945312,7175.533,10273.296,44091.164,30126.654,6444.5654,16045.441,977.62885,7362.972,868.12714,885.62164,887.33453,856.38544,916.9523,6443.7856,17200.293,971.0263,5332.7314,17235.168,44645.88,2347.7336,7098.9175,6634.1245,34166.734,3856.2925,3855.537,607.1262
2025-11-02 22:00:00,29162.664,69.752686,9.155762,3088.3625,3208.6917,26392.068,51921.223,35393.875,1801.212,9.902832,7164.964,10310.437,43661.133,29103.184,6824.511,15597.097,896.34485,7247.8887,826.46814,860.55853,860.71356,843.46466,895.7637,6731.1787,16864.844,907.37146,5601.559,17023.486,44048.19,2132.8875,7081.6807,7358.3984,33058.742,3858.9473,3850.2573,558.78015
2025-11-02 23:00:00,28772.938,76.755615,0.0,3088.6572,3239.573,26361.508,52106.03,34437.992,1587.1035,-26.78955,7086.683,10177.31,42948.35,28193.188,7029.4316,15293.185,827.3429,7149.7207,744.0743,780.5673,786.728,738.9426,793.494,6712.151,16805.277,855.3801,5494.4004,17021.355,43279.61,1644.7069,7043.5674,7353.8135,32041.002,3844.4531,3845.37,497.3958
2025-11-03 00:00:00,28496.805,5.786621,0.0,3044.8774,3225.3643,26311.889,52434.723,36053.04,1553.6223,110.85303,7076.7925,9877.225,42131.58,27394.76,7393.179,15080.044,820.3399,7062.847,742.29456,771.62787,780.3554,725.74524,792.3109,6909.079,16654.918,800.30054,5505.517,17003.604,42334.184,1472.5494,6994.4033,7323.1084,31075.0,3837.392,3849.123,465.98218
